model,condition,mean_regret,std_regret,mean_slack,mean_comp_pol,mean_comp_pred,mean_comp_mis,ratio_pol,ratio_pred,ratio_mis,mean_rho
gpt-4o,Baseline,1.2914285714284715,0.7949963098346039,1.5053255093436604,0.1093871471847312,0.6204636734692734,2.0669032601181265,0.03911217934275132,0.22185135179921686,0.7390364688580319,1.9771346131484224
gpt-4o,Targeted,1.4874999999995002,0.8576858399187673,1.5968990630882813,0.1093871471847312,0.607660770980146,2.3673511449229037,0.03546465452340792,0.19701107364875772,0.7675242718278344,1.939325264487847
gpt-4o,NonTargeted,1.2996499999998998,0.5984834897460917,1.4910285068834817,0.1093871471847312,0.6167819501132643,2.0645094095853853,0.039197330296170285,0.22101505013634984,0.7397876195674798,1.9741552760297045
