model,condition,mean_regret,std_regret,mean_slack,mean_comp_pol,mean_comp_pred,mean_comp_mis,ratio_pol,ratio_pred,ratio_mis,mean_rho
meta-llama/Llama-3.1-8B-Instruct,Baseline,1.1227772388888555,0.08385033840525448,0.9265805966269544,0.10938714718473122,0.25957249312169295,1.6803981952093852,0.05337630417149635,0.12666040484645785,0.8199632909820459,1.8657780010491236
meta-llama/Llama-3.1-8B-Instruct,Targeted,1.1616661111109943,0.1275071737968851,0.9611579573694076,0.10938714718473122,0.2662287626937418,1.7472081586019286,0.051529068663252305,0.12541254202206145,0.8230583893146863,1.852083768342833
meta-llama/Llama-3.1-8B-Instruct,NonTargeted,1.0911954761904261,0.11527125552625832,0.911119259973279,0.10938714718473122,0.2615428030234124,1.6313847859555612,0.05463034617340397,0.13062022583148447,0.8147494279951116,1.8746092649775494
