model,condition,mean_regret,std_regret,mean_slack,mean_comp_pol,mean_comp_pred,mean_comp_mis,ratio_pol,ratio_pred,ratio_mis,mean_rho
meta-llama/Llama-3.1-8B,Baseline,0.8339999900000301,0.0699240702476127,1.760559430945238,0.42000234008105913,0.314081632653061,1.8604754482111474,0.16187809640838408,0.12105393698735667,0.7170679666042593,3.097191933221168
meta-llama/Llama-3.1-8B,Targeted,0.79549999000012,0.08436156937534804,1.7588871260912418,0.42000234008105913,0.337303629684601,1.7970811463257015,0.16442391892570019,0.1320487515614829,0.7035273295128169,3.1035796092658976
meta-llama/Llama-3.1-8B,NonTargeted,0.8105000000000901,0.08743569065311556,1.8272750948712269,0.42000234008105913,0.3691037064521063,1.8486690483381514,0.15922598590671314,0.13992993836728637,0.7008440757260006,3.0767821929203785
