model,condition,mean_regret,std_regret,mean_slack,mean_comp_pol,mean_comp_pred,mean_comp_mis,ratio_pol,ratio_pred,ratio_mis,mean_rho
meta-llama/Llama-3.1-8B-Instruct,Baseline,0.8125357109490576,0.05508938912879926,2.313774143662532,0.5250029251013242,0.40170419374030447,2.199602735769961,0.16793054735982021,0.12849148434463542,0.7035779682955444,3.877638592231782
meta-llama/Llama-3.1-8B-Instruct,Targeted,0.77100000000009,0.08140945890980689,2.324967076859131,0.5250029251013242,0.4365414347556727,2.1344227170022245,0.16957639150152917,0.14100325485325663,0.6894203536452143,3.965424171955426
meta-llama/Llama-3.1-8B-Instruct,NonTargeted,0.8307333333333432,0.04686411460909197,2.343288180337574,0.5250029251013242,0.3767031127602316,2.272315475809361,0.16540622766420118,0.11868322603918185,0.7159105462966169,3.8616951269924606
