condition,mean_regret,mean_comp_pred,mean_comp_mis,mean_comp_pol,ratio_pred,ratio_mis,ratio_pol
Baseline,0.8339999900000301,0.314081632653061,1.8604754482111474,0.42000234008105913,0.12105393698735667,0.7170679666042593,0.16187809640838408
Targeted,0.79549999000012,0.337303629684601,1.7970811463257015,0.42000234008105913,0.1320487515614829,0.7035273295128169,0.16442391892570019
NonTargeted,0.8105000000000901,0.3691037064521063,1.8486690483381514,0.42000234008105913,0.13992993836728637,0.7008440757260006,0.15922598590671314
