condition,mean_regret,mean_comp_pred,mean_comp_mis,mean_comp_pol,ratio_pred,ratio_mis,ratio_pol
Baseline,0.29867126984204967,0.6654618291760672,1.1294102024712682,0.5250029251013242,0.28685245609475535,0.48684098217696786,0.2263065617282769
Targeted,0.14873000000114978,0.6682880196530274,0.8761585517289984,0.5250029251013242,0.32293033523584913,0.4233775954512875,0.2536920693128633
NonTargeted,0.30923966666743646,0.690430914587962,1.1705255865268345,0.5250029251013242,0.2893724457347175,0.49058905766187494,0.22003849660340757
